"Group";"Infections";"Hospitalizations";"Ventilators";"Deaths"
"0-9";0.472919727697478;1.17073170731707;1.75;NA
"10-19";0.780090281196939;0.802919708029197;0.731707317073171;NA
"20-29";1.00335603592933;1.09778597785978;2.17391304347826;2.5
"30-39";0.907416352687341;0.993311036789298;0.872817955112219;1.66666666666667
"40-49";1.0462417720369;1.03529411764706;1.00149476831091;1.79487179487179
"50-59";0.699267063673843;0.996784565916399;0.984102952308857;0.788177339901478
"60-69";0.905091608968431;0.997891777933942;1.02770330652368;1.25
"70-79";0.997031840259039;1.00272851296044;1.05329949238579;1.32404181184669
"80+";1.07488462111061;0.872641509433962;1.01910828025478;1.16234390009606
